{"options":{"summaryTrendStats":["avg","min","med","max","p(95)","p(99)"],"summaryTimeUnit":"","noColor":false},"state":{"isStdOutTTY":true,"isStdErrTTY":true,"testRunDurationMs":181119.2526},"metrics":{"http_req_duration{expected_response:true}":{"contains":"time","values":{"max":1922.4412,"p(95)":100.80472999999999,"p(99)":230.02584199999956,"avg":64.44441427388203,"min":39.934,"med":51.244150000000005},"type":"trend"},"http_req_blocked":{"type":"trend","contains":"time","values":{"min":0,"med":0,"max":1075.0747,"p(95)":0,"p(99)":0,"avg":0.6600128382109332}},"checks":{"type":"rate","contains":"default","values":{"passes":1811,"fails":0,"rate":1}},"iterations":{"type":"counter","contains":"default","values":{"count":1811,"rate":9.998937020790246}},"data_sent":{"type":"counter","contains":"data","values":{"rate":7319.111474734519,"count":1325632}},"iteration_duration":{"type":"trend","contains":"time","values":{"avg":1137.2662721148533,"min":1084.9585,"med":1111.2745,"max":2994.6976,"p(95)":1210.1655500000002,"p(99)":1659.7569100000107}},"http_req_receiving":{"type":"trend","contains":"time","values":{"avg":4.307038487023756,"min":0,"med":0.9943,"max":736.7059,"p(95)":7.940139999999987,"p(99)":62.80360199999993}},"http_reqs":{"type":"counter","contains":"default","values":{"count":3622,"rate":19.99787404158049}},"http_req_sending":{"contains":"time","values":{"p(95)":0.5424599999999998,"p(99)":0.995637,"avg":0.08575905577029272,"min":0,"med":0,"max":17.9512},"type":"trend"},"data_received":{"values":{"count":21993112,"rate":121428.90214201336},"type":"counter","contains":"data"},"vus_max":{"type":"gauge","contains":"default","values":{"value":30,"min":30,"max":30}},"http_req_duration":{"type":"trend","contains":"time","values":{"avg":64.44441427388203,"min":39.934,"med":51.244150000000005,"max":1922.4412,"p(95)":100.80472999999999,"p(99)":230.02584199999956}},"http_req_connecting":{"type":"trend","contains":"time","values":{"p(95)":0,"p(99)":0,"avg":0.38098023191606845,"min":0,"med":0,"max":1037.8563}},"http_req_waiting":{"values":{"avg":60.051616731087826,"min":38.937,"med":49.65705,"max":1275.0503,"p(95)":87.03953999999999,"p(99)":153.10095299999992},"type":"trend","contains":"time"},"vus":{"type":"gauge","contains":"default","values":{"value":7,"min":1,"max":29}},"http_req_failed":{"type":"rate","contains":"default","values":{"passes":0,"fails":3622,"rate":0}},"http_req_tls_handshaking":{"type":"trend","contains":"time","values":{"min":0,"med":0,"max":62.6226,"p(95)":0,"p(99)":0,"avg":0.27231115405853124}}},"root_group":{"path":"","id":"d41d8cd98f00b204e9800998ecf8427e","groups":[],"checks":[{"name":"status is 200","path":"::status is 200","id":"6210a8cd14cd70477eba5c5e4cb3fb5f","passes":1811,"fails":0}],"name":""}}